Donor,Block,Slide name,Study name
7134,A7,7134 A7 7439 A6,Wenyu-part-1-4.29.26
7134,G2,7134 G2 G7,Wenyu-part-1-4.29.26
7134,G7,7134 G2 G7,Wenyu-part-1-4.29.26
7147,A1,7243 A7 7147 A1,Wenyu-part-1-4.29.26
7147,A10,7147 A6 7147 A10,Wenyu-part-1-4.29.26
7147,A2,7470 G4 7147 A2,Wenyu-part-1-4.29.26
7147,A6,7147 A6 7147 A10,Wenyu-part-1-4.29.26
7243,A7,7243 A7 7147 A1,Wenyu-part-1-4.29.26
7243,G3,7243 G3 7332 A7,Wenyu-part-1-4.29.26
7243,G4,7243 G4 7971 G2,Wenyu-part-1-4.29.26
7347,A6,7423 A7 7347 A6,Wenyu-part-1-4.29.26
7347,G1,7347 G1 7347 G3,Wenyu-part-1-4.29.26
7347,G3,7347 G1 7347 G3,Wenyu-part-1-4.29.26
7353,A17 & A18,7353 A6 A18 A17,Wenyu-part-1-4.29.26
7353,A6,7353 A6 A18 A17,Wenyu-part-1-4.29.26
7353,G6,7938 G5 7353 G6,Wenyu-part-1-4.29.26
7455,A6,7454 A7 7455 A6,Wenyu-part-1-4.29.26
7455,G2,7454 G5 7455 G2,Wenyu-part-1-4.29.26
7455,G7,7454 G7 7455 G7,Wenyu-part-1-4.29.26
7464,A14,7464 A14 7112 A10,Wenyu-part-2-4.29.26
7464,A4,7697 G3 7464 A5,Wenyu-part-2-4.29.26
7464,A7,7464 A7 7470 A6,Wenyu-part-2-4.29.26
7522,A7,7522 A7 7583 A6,Wenyu-part-2-4.29.26
7522,G2,Uwa 7522 G2 G5 Glioblastoma,Wenyu-part-2-4.29.26
7522,G5,Uwa 7522 G2 G5 Glioblastoma,Wenyu-part-2-4.29.26
7605,A6,7605 A6 8021 A7,Wenyu-part-2-4.29.26
7605,G2,7605 G2 7670 G3,Wenyu-part-2-4.29.26
7605,G7,7605 G7 8021 A3,Wenyu-part-2-4.29.26
7822,A7,7329 A6 7822 A7,Wenyu-part-2-4.29.26
7822,G3,7822 G3 7938 G2,Wenyu-part-2-4.29.26
7822,G7,7822 G7 7938 A6,Wenyu-part-2-4.29.26
7971,A6,7971 G1 7971 A6,Wenyu-part-2-4.29.26
7971,G1,7971 G1 7971 A6,Wenyu-part-2-4.29.26
7971,G2,7243 G4 7971 G2,Wenyu-part-1-4.29.26
8157,A23,8157 A23 8157 G7,Wenyu-part-2-4.29.26
8157,A7,8157 A7 7488 A3,Wenyu-part-2-4.29.26
8157,G7,8157 A23 8157 G7,Wenyu-part-2-4.29.26
